{
    "(0, 1)": 0.824102862392563,
    "(0, 3)": 0.9299999999999998,
    "(1, 4)": 0.500643112590876,
    "(2, 3)": 0.9270551936526232,
    "(3, 4)": 0.5154485623352377,
    "(3, 8)": 0.9400047166648047,
    "(4, 5)": 0.6378487173919944,
    "best_qubits": {
        "2": [
            [
                [
                    [
                        8,
                        3
                    ]
                ],
                0.9400047166648047
            ]
        ],
        "3": [
            [
                [
                    [
                        0,
                        3
                    ],
                    [
                        8,
                        3
                    ]
                ],
                0.9350023583324023
            ]
        ],
        "4": [
            [
                [
                    [
                        0,
                        3
                    ],
                    [
                        3,
                        2
                    ],
                    [
                        3,
                        8
                    ]
                ],
                0.9323533034391426
            ]
        ],
        "5": [
            [
                [
                    [
                        0,
                        1
                    ],
                    [
                        0,
                        3
                    ],
                    [
                        3,
                        2
                    ],
                    [
                        3,
                        8
                    ]
                ],
                0.9052906931774978
            ]
        ]
    }
}