{
    "oneQubitNorms": {
        "0": {
            "gpi2(0, [0.7853981633974483])": {
                "one_norm": 0.13950643382574957,
                "inf_norm": 0.20516582499751213,
                "two_norm": 0.118749317435635,
                "time (s)": 56.23310131765902
            },
            "gpi2(0, [1.0471975511965976])": {
                "one_norm": 0.09188231440034206,
                "inf_norm": 0.08966278251018642,
                "two_norm": 0.06220896030207367,
                "time (s)": 46.70613385364413
            }
        },
        "1": {
            "gpi2(1, [0.7853981633974483])": {
                "one_norm": 0.13387973089458605,
                "inf_norm": 0.12268872342793385,
                "two_norm": 0.10357885158440226,
                "time (s)": 39.87666381895542
            },
            "gpi2(1, [1.0471975511965976])": {
                "one_norm": 0.10781435097501513,
                "inf_norm": 0.1263099965847356,
                "two_norm": 0.09666528727457208,
                "time (s)": 41.470820013433695
            }
        }
    },
    "twoQubitNorms": {
        "0_1": {
            "cz(0, 1, [])": {
                "one_norm": 0.661707698665835,
                "inf_norm": 0.24922118043266955,
                "two_norm": 0.2889852070467931,
                "time (s)": 854.7972628362477
            }
        }
    }
}