{
    "oneQubitNorms": {
        "0": {
            "gpi2(0, [0.7853981633974483])": {
                "one_norm": 0.03230667340663185,
                "inf_norm": 0.05088789076747615,
                "two_norm": 0.031312796311780564,
                "time (s)": 0.0030404580757021904
            },
            "gpi2(0, [1.0471975511965976])": {
                "one_norm": 0.03909593153606172,
                "inf_norm": 0.045248461302295484,
                "two_norm": 0.028675000376754273,
                "time (s)": 0.0032036249758675694
            }
        },
        "1": {
            "gpi2(1, [0.7853981633974483])": {
                "one_norm": 0.04304511598025934,
                "inf_norm": 0.04408698679082826,
                "two_norm": 0.028419994214933273,
                "time (s)": 0.003063208074308932
            },
            "gpi2(1, [1.0471975511965976])": {
                "one_norm": 0.048863200995689915,
                "inf_norm": 0.044887858169825295,
                "two_norm": 0.03427700940786635,
                "time (s)": 0.002956958021968603
            }
        }
    },
    "twoQubitNorms": {
        "0_1": {
            "cz(0, 1, [])": {
                "one_norm": 0.23598506064907077,
                "inf_norm": 0.03695064044702222,
                "two_norm": 0.06989858604763245,
                "time (s)": 0.08982433401979506
            }
        }
    }
}