{
    "oneQubitResults": {
        "0": {
            "gpi2(0, [0.7853981633974483])": {
                "one_norm": 0.266978527039898,
                "inf_norm": 0.3999825367069952,
                "two_norm": 0.2721878359119355,
                "time (s)": 50.32476105168462,
                "average depth": 6.583333333333333,
                "type of gates (dict)": {
                    "id": 3,
                    "gpi2": 12,
                    "z": 10,
                    "measure": 12,
                    "rz": 6
                }
            },
            "gpi2(0, [1.0471975511965976])": {
                "one_norm": 0.3002772390580206,
                "inf_norm": 0.5117219487195659,
                "two_norm": 0.3065858597209879,
                "time (s)": 45.717742873355746,
                "average depth": 6.583333333333333,
                "type of gates (dict)": {
                    "id": 3,
                    "gpi2": 12,
                    "z": 10,
                    "measure": 12,
                    "rz": 6
                }
            }
        },
        "1": {
            "gpi2(1, [0.7853981633974483])": {
                "one_norm": 0.2602072580820496,
                "inf_norm": 0.3294339708778108,
                "two_norm": 0.1863641148903695,
                "time (s)": 43.770005118101835,
                "average depth": 6.583333333333333,
                "type of gates (dict)": {
                    "id": 3,
                    "gpi2": 12,
                    "z": 10,
                    "measure": 12,
                    "rz": 6
                }
            },
            "gpi2(1, [1.0471975511965976])": {
                "one_norm": 0.28653355072042447,
                "inf_norm": 0.33701670347183643,
                "two_norm": 0.21642883014687933,
                "time (s)": 43.46372032724321,
                "average depth": 6.583333333333333,
                "type of gates (dict)": {
                    "id": 3,
                    "gpi2": 12,
                    "z": 10,
                    "measure": 12,
                    "rz": 6
                }
            }
        }
    },
    "twoQubitResults": {
        "0_1": {
            "cz(0, 1, [])": {
                "one_norm": 1.209600607423701,
                "inf_norm": 0.48679029297071624,
                "two_norm": 0.6048948899542325,
                "time (s)": 905.8002744782716,
                "average depth": 7.6875,
                "type of gates (dict)": {
                    "id": 105,
                    "cz": 240,
                    "measure": 240,
                    "z": 232,
                    "gpi2": 237,
                    "rz": 168
                }
            }
        }
    }
}