{
    "oneQubitNorms": {
        "0": {
            "gpi2(0, [0.7853981633974483])": {
                "one_norm": 0.10642294572539873,
                "inf_norm": 0.15139978892865125,
                "two_norm": 0.10254861296059593,
                "time (s)": 49.77387492917478
            },
            "gpi2(0, [1.0471975511965976])": {
                "one_norm": 0.09317666500442717,
                "inf_norm": 0.1587363531511043,
                "two_norm": 0.09671759472260608,
                "time (s)": 49.525936679914594
            }
        },
        "1": {
            "gpi2(1, [0.7853981633974483])": {
                "one_norm": 0.2533369263183048,
                "inf_norm": 0.31073935076685394,
                "two_norm": 0.20829873961570652,
                "time (s)": 43.94069395400584
            },
            "gpi2(1, [1.0471975511965976])": {
                "one_norm": 0.29440493374563026,
                "inf_norm": 0.3326282558441496,
                "two_norm": 0.2146051028882241,
                "time (s)": 38.11228020116687
            }
        }
    },
    "twoQubitNorms": {
        "0_1": {
            "cz(0, 1, [])": {
                "one_norm": 1.2833852242847883,
                "inf_norm": 0.47666044470872104,
                "two_norm": 0.5581419431202269,
                "time (s)": 904.3100217729807
            }
        }
    }
}