{
    "oneQubitNorms": {
        "0": {
            "gpi2(0, [0.7853981633974483])": {
                "one_norm": 0.02697640113437011,
                "inf_norm": 0.0401370697705099,
                "two_norm": 0.021675779505218262,
                "time (s)": 0.002923542051576078
            },
            "gpi2(0, [1.0471975511965976])": {
                "one_norm": 0.03594642115753867,
                "inf_norm": 0.06221773164826132,
                "two_norm": 0.03369743950244251,
                "time (s)": 0.0029088329756632447
            }
        },
        "1": {
            "gpi2(1, [0.7853981633974483])": {
                "one_norm": 0.046500345270653956,
                "inf_norm": 0.04747069553115166,
                "two_norm": 0.03427390511228429,
                "time (s)": 0.002933459007181227
            },
            "gpi2(1, [1.0471975511965976])": {
                "one_norm": 0.03925294607345896,
                "inf_norm": 0.049070927278780097,
                "two_norm": 0.03390469972919172,
                "time (s)": 0.0028778749983757734
            }
        }
    },
    "twoQubitNorms": {
        "0_1": {
            "cz(0, 1, [])": {
                "one_norm": 0.15564883020256484,
                "inf_norm": 0.03641409580663159,
                "two_norm": 0.05354504288357879,
                "time (s)": 0.08889116707723588
            }
        }
    }
}