{
    "oneQubitNorms": {
        "0": {
            "gpi2(0, [0])": {
                "one_norm": 0.04554063637855321,
                "inf_norm": 0.07129177506919122,
                "two_norm": 0.04120622752451553,
                "time (s)": 0.004422333091497421
            },
            "gpi2(0, [1.5707963267948966])": {
                "one_norm": 0.06994971278877468,
                "inf_norm": 0.08077591746931592,
                "two_norm": 0.051848147680547275,
                "time (s)": 0.004574707709252834
            },
            "gpi2(0, [1.0471975511965976])": {
                "one_norm": 0.0443716962164426,
                "inf_norm": 0.07171886465316862,
                "two_norm": 0.050658830534114345,
                "time (s)": 0.004446249920874834
            },
            "gpi2(0, [0.7853981633974483])": {
                "one_norm": 0.04544853609909877,
                "inf_norm": 0.07207395143287423,
                "two_norm": 0.048202738369059306,
                "time (s)": 0.004492875188589096
            }
        },
        "1": {
            "gpi2(1, [0])": {
                "one_norm": 0.03324582294123159,
                "inf_norm": 0.04897529108222459,
                "two_norm": 0.03107208297449326,
                "time (s)": 0.004384709056466818
            },
            "gpi2(1, [1.5707963267948966])": {
                "one_norm": 0.053548271038475634,
                "inf_norm": 0.04857147924872618,
                "two_norm": 0.03981016212668267,
                "time (s)": 0.004369915928691626
            },
            "gpi2(1, [1.0471975511965976])": {
                "one_norm": 0.039091734529537,
                "inf_norm": 0.043127076325287006,
                "two_norm": 0.03072109014467663,
                "time (s)": 0.0046235001645982265
            },
            "gpi2(1, [0.7853981633974483])": {
                "one_norm": 0.041766632106322144,
                "inf_norm": 0.03907098188091254,
                "two_norm": 0.02831845001803053,
                "time (s)": 0.004869583062827587
            }
        }
    },
    "twoQubitNorms": {
        "0_1": {
            "cz(0, 1, [])": {
                "one_norm": 0.14675572348562071,
                "inf_norm": 0.03651836639192539,
                "two_norm": 0.062238329099550106,
                "time (s)": 0.11894279206171632
            }
        }
    }
}