{
    "oneQubitNorms": {
        "0": {
            "id(0, [])": {
                "one_norm": 0.042974768724355475,
                "inf_norm": 0.07094045923947104,
                "two_norm": 0.04149885802247643,
                "time (s)": 0.0042853751219809055
            },
            "x(0, [])": {
                "one_norm": 0.04904083364118461,
                "inf_norm": 0.08088539848643381,
                "two_norm": 0.05087061453341994,
                "time (s)": 0.004609167110174894
            },
            "y(0, [])": {
                "one_norm": 0.05097249415060645,
                "inf_norm": 0.05792857254950449,
                "two_norm": 0.03199974221432659,
                "time (s)": 0.00482999999076128
            },
            "z(0, [])": {
                "one_norm": 0.048006201368973295,
                "inf_norm": 0.06488651428325076,
                "two_norm": 0.038621234417043133,
                "time (s)": 0.004331042058765888
            }
        },
        "1": {
            "id(1, [])": {
                "one_norm": 0.03167623471077901,
                "inf_norm": 0.05330302673653808,
                "two_norm": 0.030977190892171783,
                "time (s)": 0.0042230417020618916
            },
            "x(1, [])": {
                "one_norm": 0.03410719679461776,
                "inf_norm": 0.034100622414340816,
                "two_norm": 0.024476066014847135,
                "time (s)": 0.00474970880895853
            },
            "y(1, [])": {
                "one_norm": 0.02042623131930988,
                "inf_norm": 0.032033808156685245,
                "two_norm": 0.018959536284122416,
                "time (s)": 0.004597458057105541
            },
            "z(1, [])": {
                "one_norm": 0.03710523166656317,
                "inf_norm": 0.04476852036177751,
                "two_norm": 0.031947428440003464,
                "time (s)": 0.004277249798178673
            }
        }
    },
    "twoQubitNorms": {
        "0_1": {
            "cz(0, 1, [])": {
                "one_norm": 0.177522784108586,
                "inf_norm": 0.05190381490224302,
                "two_norm": 0.07350873773826674,
                "time (s)": 0.11692012520506978
            }
        }
    }
}