{
    "oneQubitNorms": {
        "0": {
            "gpi2(0, [0.7853981633974483])": {
                "one_norm": 0.03683278973283,
                "inf_norm": 0.05609757910440305,
                "two_norm": 0.032634659875153425,
                "time (s)": 0.0031272920314222574
            },
            "gpi2(0, [1.0471975511965976])": {
                "one_norm": 0.06349044342708127,
                "inf_norm": 0.07666763913007762,
                "two_norm": 0.05443527632741192,
                "time (s)": 0.002989624976180494
            }
        },
        "1": {
            "gpi2(1, [0.7853981633974483])": {
                "one_norm": 0.04437097215609892,
                "inf_norm": 0.04526484447576834,
                "two_norm": 0.028999726952287055,
                "time (s)": 0.003154332982376218
            },
            "gpi2(1, [1.0471975511965976])": {
                "one_norm": 0.03223890482860842,
                "inf_norm": 0.03252373353343796,
                "two_norm": 0.025071854427695793,
                "time (s)": 0.002872916986234486
            }
        }
    },
    "twoQubitNorms": {
        "0_1": {
            "cz(0, 1, [])": {
                "one_norm": 0.1954591079660103,
                "inf_norm": 0.036056563968176455,
                "two_norm": 0.06202112641600705,
                "time (s)": 0.09671254199929535
            }
        }
    }
}