{
    "oneQubitResults": {
        "0": {
            "gpi2(0, [0.7853981633974483])": {
                "one_norm": 0.03734119286235571,
                "inf_norm": 0.039515460380220135,
                "two_norm": 0.029299468394676897,
                "time (s)": 0.004619041923433542,
                "average depth": 6.583333333333333,
                "type of gates (dict)": {
                    "id": 3,
                    "gpi2": 12,
                    "z": 10,
                    "measure": 12,
                    "rz": 6
                }
            },
            "gpi2(0, [1.0471975511965976])": {
                "one_norm": 0.07123103511077572,
                "inf_norm": 0.06694974061045844,
                "two_norm": 0.05469307061696067,
                "time (s)": 0.005208916962146759,
                "average depth": 6.583333333333333,
                "type of gates (dict)": {
                    "id": 3,
                    "gpi2": 12,
                    "z": 10,
                    "measure": 12,
                    "rz": 6
                }
            }
        },
        "1": {
            "gpi2(1, [0.7853981633974483])": {
                "one_norm": 0.035747371983373355,
                "inf_norm": 0.042240688652619596,
                "two_norm": 0.02877068977095926,
                "time (s)": 0.004964207764714956,
                "average depth": 6.583333333333333,
                "type of gates (dict)": {
                    "id": 3,
                    "gpi2": 12,
                    "z": 10,
                    "measure": 12,
                    "rz": 6
                }
            },
            "gpi2(1, [1.0471975511965976])": {
                "one_norm": 0.04646921094989903,
                "inf_norm": 0.057549975481525656,
                "two_norm": 0.04085197080178461,
                "time (s)": 0.005013999994844198,
                "average depth": 6.583333333333333,
                "type of gates (dict)": {
                    "id": 3,
                    "gpi2": 12,
                    "z": 10,
                    "measure": 12,
                    "rz": 6
                }
            }
        }
    },
    "twoQubitResults": {
        "0_1": {
            "cz(0, 1, [])": {
                "one_norm": 0.13914348941042393,
                "inf_norm": 0.03374799459082404,
                "two_norm": 0.05308936142046013,
                "time (s)": 0.12102475017309189,
                "average depth": 7.6875,
                "type of gates (dict)": {
                    "id": 105,
                    "cz": 240,
                    "measure": 240,
                    "z": 232,
                    "gpi2": 237,
                    "rz": 168
                }
            }
        }
    }
}