{
    "\"measured_raw_density_matrix_real\"": {
        "[18, 19]": [
            [
                0.5006666666666667,
                0.01650000000000007,
                0.04183333333333321,
                0.44500000000000006
            ],
            [
                0.016499999999999987,
                0.023333333333333428,
                0.008000000000000009,
                -0.00516666666666659
            ],
            [
                0.04183333333333335,
                0.007999999999999962,
                0.018666666666666748,
                0.02549999999999991
            ],
            [
                0.4450000000000002,
                -0.005166666666666601,
                0.025500000000000148,
                0.4573333333333333
            ]
        ]
    },
    "\"measured_raw_density_matrix_imag\"": {
        "[18, 19]": [
            [
                -4.368251625401942e-19,
                0.0014999999999998903,
                0.048166666666666635,
                0.06500000000000004
            ],
            [
                -0.0014999999999999458,
                3.46770466086037e-17,
                0.013000000000000048,
                -0.03983333333333341
            ],
            [
                -0.04816666666666674,
                -0.013000000000000178,
                -4.4053872470517816e-17,
                -0.012499999999999928
            ],
            [
                -0.0650000000000001,
                0.039833333333333464,
                0.012500000000000011,
                -9.571420507323256e-18
            ]
        ]
    },
    "\"measured_density_matrix_real\"": {
        "[18, 19]": [
            [
                0.5037605913195154,
                0.015684488710199496,
                0.041970733693323464,
                0.4418420207117236
            ],
            [
                0.015684488710199493,
                0.028378512280394824,
                0.00346213268520546,
                -0.004651389741600132
            ],
            [
                0.041970733693323464,
                0.003462132685205458,
                0.0228681981491101,
                0.025655301473715694
            ],
            [
                0.4418420207117237,
                -0.00465138974160013,
                0.025655301473715694,
                0.46057751313621265
            ]
        ]
    },
    "\"measured_density_matrix_imag\"": {
        "[18, 19]": [
            [
                0.0,
                0.005365791621202028,
                0.04456384236144066,
                0.06474619951689667
            ],
            [
                -0.005365791621202026,
                0.0,
                0.013777970702506668,
                -0.035820608905657886
            ],
            [
                -0.04456384236144066,
                -0.013777970702506668,
                -8.673617379884035e-19,
                -0.01618868608433508
            ],
            [
                -0.06474619951689667,
                0.035820608905657886,
                0.01618868608433509,
                0.0
            ]
        ]
    },
    "\"fidelity\"": {
        "[18, 19]": 0.9240110729395875
    }
}