{
    "oneQubitNorms": {
        "0": {
            "gpi2(0, [0.7853981633974483])": {
                "one_norm": 0.051741443436918666,
                "inf_norm": 0.043981571540462894,
                "two_norm": 0.03170028761672652,
                "time (s)": 0.003928292004275136
            },
            "gpi2(0, [1.0471975511965976])": {
                "one_norm": 0.0469186629168129,
                "inf_norm": 0.058062938782201146,
                "two_norm": 0.036096020459810405,
                "time (s)": 0.0043547090026549995
            }
        },
        "1": {
            "gpi2(1, [0.7853981633974483])": {
                "one_norm": 0.028765356942500486,
                "inf_norm": 0.0448184473739733,
                "two_norm": 0.027354767649679885,
                "time (s)": 0.003989374992670491
            },
            "gpi2(1, [1.0471975511965976])": {
                "one_norm": 0.055479126924262934,
                "inf_norm": 0.060773922192222773,
                "two_norm": 0.04153791694621083,
                "time (s)": 0.004258333006873727
            }
        }
    },
    "twoQubitNorms": {
        "0_1": {
            "cz(0, 1, [])": {
                "one_norm": 0.20486201716755253,
                "inf_norm": 0.03422381282644859,
                "two_norm": 0.06857213296544773,
                "time (s)": 0.12252175000321586
            }
        }
    }
}