{
    "(0, 1)": 0.8430351859663745,
    "(0, 3)": 0.9365117032217418,
    "(1, 4)": 0.383,
    "(2, 3)": 0.90750464279445,
    "(3, 4)": 0.4019999999999996,
    "(3, 8)": 0.9295000000000001,
    "(4, 5)": 0.36966474808313776,
    "(4, 9)": 0.5012497848740507,
    "(5, 6)": 0.3532174094033484,
    "(8, 9)": 0.9430229854442991,
    "(8, 13)": 0.9145991258541684,
    "(13, 17)": 0.9024999999999999,
    "(14, 18)": 0.9134763913822522,
    "(15, 19)": 0.8615425960341754,
    "(17, 18)": 0.4837611654348229,
    "(18, 19)": 0.9240110729395875,
    "best_qubits": {
        "2": [
            [
                8,
                9
            ],
            0.9430229854442991
        ],
        "3": [
            [
                3,
                8,
                9
            ],
            0.9362614927221495
        ],
        "4": [
            [
                0,
                3,
                8,
                9
            ],
            0.9363448962220137
        ],
        "5": [
            [
                0,
                3,
                8,
                9,
                13
            ],
            0.9309084536300524
        ]
    }
}