{
    "\"measured_raw_density_matrix_real\"": {
        "[13, 8]": [
            [
                0.5163333333333333,
                0.023833333333333373,
                0.03533333333333323,
                0.433
            ],
            [
                0.023833333333333345,
                0.03533333333333337,
                -0.003999999999999979,
                0.004333333333333432
            ],
            [
                0.035333333333333335,
                -0.0040000000000000695,
                0.036666666666666736,
                0.05183333333333327
            ],
            [
                0.43300000000000016,
                0.00433333333333346,
                0.05183333333333344,
                0.4116666666666666
            ]
        ]
    },
    "\"measured_raw_density_matrix_imag\"": {
        "[13, 8]": [
            [
                -2.193081907013208e-18,
                -0.005333333333333412,
                -0.04716666666666673,
                0.02999999999999999
            ],
            [
                0.005333333333333384,
                4.1095177237263476e-17,
                -0.003000000000000027,
                0.0018333333333333326
            ],
            [
                0.047166666666666614,
                0.0029999999999998014,
                -4.6629908660444e-17,
                0.0046666666666667495
            ],
            [
                -0.030000000000000082,
                -0.0018333333333331939,
                -0.004666666666666694,
                1.8435497272055123e-19
            ]
        ]
    },
    "\"measured_density_matrix_real\"": {
        "[13, 8]": [
            [
                0.5179524372453158,
                0.023323599851634545,
                0.036063773037277765,
                0.4312626562661477
            ],
            [
                0.023323599851634545,
                0.03555271160303577,
                -0.0038448915042229564,
                0.004808690291879094
            ],
            [
                0.036063773037277765,
                -0.0038448915042229564,
                0.03951357532708333,
                0.05058145899634435
            ],
            [
                0.43126265626614774,
                0.004808690291879095,
                0.05058145899634435,
                0.41361792405518555
            ]
        ]
    },
    "\"measured_density_matrix_imag\"": {
        "[13, 8]": [
            [
                0.0,
                -0.005024516247804903,
                -0.04514778113547893,
                0.029624599918114895
            ],
            [
                0.005024516247804903,
                0.0,
                -0.00377491370517,
                0.0022828878145694145
            ],
            [
                0.04514778113547893,
                0.0037749137051699983,
                0.0,
                0.006663629911812796
            ],
            [
                -0.029624599918114898,
                -0.0022828878145694145,
                -0.0066636299118128,
                -3.469446951953614e-18
            ]
        ]
    },
    "\"fidelity\"": {
        "[13, 8]": 0.8970478369163981
    }
}