{
    "\"measured_raw_density_matrix_real\"": {
        "[4, 5]": [
            [
                0.534,
                0.025166666666666726,
                0.14283333333333317,
                0.22899999999999995
            ],
            [
                0.025166666666666532,
                0.08966666666666681,
                0.02800000000000015,
                0.01683333333333354
            ],
            [
                0.14283333333333345,
                0.028000000000000053,
                0.09333333333333342,
                0.019166666666666665
            ],
            [
                0.22899999999999981,
                0.01683333333333335,
                0.019166666666666804,
                0.283
            ]
        ]
    },
    "\"measured_raw_density_matrix_imag\"": {
        "[4, 5]": [
            [
                -8.511926347711307e-18,
                -0.0256666666666667,
                -0.060333333333333364,
                -0.16600000000000015
            ],
            [
                0.02566666666666656,
                3.3854284245254275e-17,
                0.009999999999999995,
                0.008666666666666621
            ],
            [
                0.06033333333333313,
                -0.010000000000000384,
                -9.181595009232708e-18,
                -0.11766666666666674
            ],
            [
                0.16599999999999995,
                -0.00866666666666649,
                0.11766666666666677,
                -2.3240926027519706e-17
            ]
        ]
    },
    "\"measured_density_matrix_real\"": {
        "[4, 5]": [
            [
                0.5381295048565297,
                0.02526750239660689,
                0.13923572200654247,
                0.22323386681547147
            ],
            [
                0.02526750239660689,
                0.09037421362647158,
                0.024695785335321747,
                0.01650704495714464
            ],
            [
                0.13923572200654247,
                0.024695785335321747,
                0.11113957928289357,
                0.0250362431451396
            ],
            [
                0.22323386681547144,
                0.016507044957144643,
                0.0250362431451396,
                0.29110019629651673
            ]
        ]
    },
    "\"measured_density_matrix_imag\"": {
        "[4, 5]": [
            [
                0.0,
                -0.027373022655991053,
                -0.052549492901604905,
                -0.1655511035268743
            ],
            [
                0.027373022655991053,
                3.469446951953614e-18,
                0.00870349676557657,
                0.006294999497988341
            ],
            [
                0.052549492901604905,
                -0.00870349676557657,
                0.0,
                -0.10718896847198428
            ],
            [
                0.1655511035268743,
                -0.006294999497988341,
                0.10718896847198428,
                0.0
            ]
        ]
    },
    "\"fidelity\"": {
        "[4, 5]": 0.6378487173919944
    }
}