{
    "frequencies": {
        "00": 0.4999999999999999,
        "01": 0.0,
        "10": 0.0,
        "11": 0.4999999999999999
    }
}